ID;PRECIO_LLEGADA;IVA;CANTIDAD;FECHA;PRECIO_SUGERIDO;NOMBRE;PRECIO_VENTA
7;1000;437;50;01/20/2023;2300;;2300
8;22250;8455;50;01/20/2024;44500;Estuche Mandala Artisan + Color x 24;44500
9;48950;18601;50;01/20/2025;97900;Colores Faber Castell Super Soft x 50;97900
10;39500;15010;50;01/20/2026;79000;Kit Escolar Encanto;79000
11;650;247;50;01/20/2027;1300;MOÑO DECORATIVO MEDIANO, PEQUEÑO;1300
12;28450;10811;50;01/20/2028;56900;Memoria USB 64gb;56900
13;17950;6821;50;01/20/2029;35900;Colores Norma Gigantes;35900
14;8450;3211;50;01/20/2030;16900;Colores Norma x 15 Punta Gruesa;16900
15;21350;8113;50;01/20/2031;42700;Memoria Micro Sd 32Gb;42700
16;14500;5510;50;01/20/2032;29000;Agenda Permanente Lona Arzul;29000
17;6500;2470;50;01/20/2033;13000;Foamy Moldeable;13000
18;750;285;50;01/20/2034;1500;Anilina De Colores;1500
19;8800;3344;50;01/20/2035;17600;Plumigrafo Flair Candy x 6;17600
20;750;285;50;01/20/2036;1500;Micropunta Microcuatro Offi-Esco;1500
21;17950;6821;50;01/20/2037;35900;Cosedora Offi- Esco OE-322;35900
22;11450;4351;50;01/20/2038;22900;Cosedora Gipao Gp206;22900
23;1950;741;50;01/20/2039;3900;Portaminas Faber Castell luminux;3900
24;3700;1406;50;01/20/2040;7400;Corrector En Cinta Faber Castell Con repuesto;7400
25;3300;1254;50;01/20/2041;6600;Foamy 4 Cartas Mirellado;6600
26;2900;1102;50;01/20/2042;5800;Acuarela Pequeña x 12;5800
27;9300;3534;50;01/20/2043;18600;Bandas de Caucho x Libra;18600
28;2500;950;50;01/20/2044;5000;Bandas de Caucho 1/4  Libra;5000
29;11450;4351;50;01/20/2045;22900;Bitacora 1/8 35 x 28 Cruda Bond;22900
30;8950;3401;50;01/20/2046;17900;Cuaderno Cosido Pasta Dura Cuadriculado-Rayado;17900
31;5400;2052;50;01/20/2047;10800; Abaco Linea Azul;10800
32;2950;1121;50;01/20/2048;5900;Almohadilla Para Sellos Con Tinta ;5900
33;375;142,5;50;01/20/2049;750;Alfiler Cabezon Colores x 12 Rueda;750
34;1400;532;50;01/20/2050;2800;Alfiler Triton x caja;2800
35;17450;6631;50;01/20/2051;34900;Archivador Acordeon Oficio Cartón;34900
36;17200;6536;50;01/20/2052;34400;Archivador Agarradera Carta Fino offi-esco;34400
37;400;152;50;01/20/2053;800;Acetato X Unidad;800
38;19950;7581;50;01/20/2054;39900;Archivador Agarradera Oficio  Fino offi-esco;39900
39;35000;13300;50;01/20/2055;70000;Acetato Paquete  x 100;70000
40;2600;988;50;01/20/2056;5200;Almohadilla Para Sellos Sin Tinta;5200
41;7200;2736;50;01/20/2057;14400;Archivador Media Carta  Offi-esco;14400
42;3750;1425;50;01/20/2058;7500;Argollado Metalico 100 - 150 Hojas;7500
43;4350;1653;50;01/20/2059;8700;Argollado Metalico 150 -  200 Hojas;8700
44;1550;589;50;01/20/2060;3100;Balso Lamina 2x100;3100
45;350;133;50;01/20/2061;700;Balso Lamina 2x25;700
46;1700;646;50;01/20/2062;3400;Balso Lamina 3x100 ;3400
47;6650;2527;50;01/20/2063;13300;A-Z Carta Norma;13300
48;650;247;50;01/20/2064;1300;Balso Lamina 2x50;1300
49;2225;845,5;50;01/20/2065;4450;Balso Lamina 1,5x100x910 mm;4450
50;250;95;50;01/20/2066;500;Balso Lamina 2x12;500
51;1000;380;50;01/20/2067;2000;Balso Lamina 3x75;2000
52;1950;741;50;01/20/2068;3900;Balso Lamina 5x100;3900
53;6900;2622;50;01/20/2069;13800;Archivador Mini Porta cheque Offi-Esco;13800
54;3350;1273;50;01/20/2070;6700;Balso Lamina 6x125x910 mm;6700
55;250;95;50;01/20/2071;500;Balso Varilla Cuadrada  5x5;500
56;1200;456;50;01/20/2072;2400;Balso Varilla Cuadrada 25x25;2400
57;300;114;50;01/20/2073;600;Balso Varilla Cuadrada 6x6;600
58;800;304;50;01/20/2074;1600;Balso Varilla Redonda 12x910;1600
59;2900;1102;50;01/20/2075;5800;Argollado  Metalico 50 - 100 Hojas;5800
60;6700;2546;50;01/20/2076;13400;A-Z Oficio Norma;13400
61;1950;741;50;01/20/2077;3900;Balso Lamina 2x125;3900
62;2050;779;50;01/20/2078;4100;Balso Lamina 3x125;4100
63;1250;475;50;01/20/2079;2500;Balso Lamina 5x75;2500
64;225;85,5;50;01/20/2080;450;Balso Varilla Cuadrada  4x4;450
65;350;133;50;01/20/2081;700;Balso Varilla Cuadrada 8x8;700
66;5650;2147;50;01/20/2082;11300;Bandas de Caucho Siliconadas GIPAO;11300
67;3100;1178;50;01/20/2083;6200;Block Blanco Carta;6200
68;2500;950;50;01/20/2084;5000;Argollado Metalico 0 - 50 hojas ;5000
69;950;361;50;01/20/2085;1900;Balso Lamina 2x75;1900
70;500;190;50;01/20/2086;1000;Balso Lamina 3x15x910;1000
71;750;285;50;01/20/2087;1500;Balso Lamina 3x50;1500
72;850;323;50;01/20/2088;1700;Balso Lamina 5x50;1700
73;500;190;50;01/20/2089;1000;Balso Varilla Cuadrada 12x12;1000
74;950;361;50;01/20/2090;1900;Balso Varilla Cuadrada 20x20;1900
75;225;85,5;50;01/20/2091;450;Balso Varilla Cuadrada 3x3;450
76;1050;399;50;01/20/2092;2100;Balso Varilla Redonda 15x910;2100
77;500;190;50;01/20/2093;1000;Balso Varilla Redonda 6x910;1000
78;2150;817;50;01/20/2094;4300;Balso Varilla Redonda 25x910 ;4300
79;4800;1824;50;01/20/2095;9600;Bisturi Grande Boton de Seguridad/ Con Repuestos;9600
80;500;190;50;01/20/2096;1000;Bisturi Grande Económico 87;1000
81;4750;1805;50;01/20/2097;9500;Bisturi x-sacto Metalico con Repuesto;9500
82;8450;3211;50;01/20/2098;16900;Bitacora 1/2 Carta;16900
83;6700;2546;50;01/20/2099;13400;Block Iris Pastel;13400
84;750;285;50;01/20/2100;1500;Balso Varilla Redonda 10x910 ;1500
85;600;228;50;01/20/2101;1200;Balso Varilla Redonda 8x910;1200
86;4750;1805;50;01/20/2102;9500;Bandas de Caucho x 1/2 Libra;9500
87;9950;3781;50;01/20/2103;19900;Bitacora 28x22 Cms VP  Carta;19900
88;3900;1482;50;01/20/2104;7800;Block Iris Degrade x 40 Hojas;7800
89;13750;5225;50;01/20/2105;27500;Block Dibujo Tecnico Pinares Base 30 50 x 35;27500
90;1800;684;50;01/20/2106;3600;Block Media Carta Rayado ;3600
91;3700;1406;50;01/20/2107;7400;Block Oficio Blanco x 80 Hojas;7400
92;800;304;50;01/20/2108;1600;Boligrafo Semigel OffiEsco 0.7 Retractil Negro;1600
93;700;266;50;01/20/2109;1400;Boligrafo Semigel OffiEsco Colores Surtidos;1400
94;700;266;50;01/20/2110;1400;Boligrafo Semigel OffiEsco Negro Borde Naranja;1400
95;2150;817;50;01/20/2111;4300;Boligrafo Tinta Mojada Iuoshi 0.7 - 5.0 - 0.1;4300
96;2150;817;50;01/20/2112;4300;Balso Lamina 4x75x910 mm;4300
97;500;190;50;01/20/2113;1000;Balso Lamina 5x25;1000
98;2600;988;50;01/20/2114;5200;Balso Lamina 6x100x910 mm;5200
99;6950;2641;50;01/20/2115;13900;Block Base 30  Sin Rotular 25x35;13900
100;700;266;50;01/20/2116;1400;Block Media Carta Periodico;1400
101;49450;18791;50;01/20/2117;98900;Boligrafo Parker Jotter Dorado-PLata y Azul;98900
102;400;152;50;01/20/2118;800;Balso Lamina 3x25;800
103;2450;931;50;01/20/2119;4900;Balso Lamina 5x125;4900
104;375;142,5;50;01/20/2120;750;Balso Varilla Cuadrada 10x10;750
105;650;247;50;01/20/2121;1300;Balso Varilla Cuadrada 15x15;1300
106;500;190;50;01/20/2122;1000;Balso Varilla redonda 5x910;1000
107;650;247;50;01/20/2123;1300;Bandas de Caucho x Caja;1300
108;1100;418;50;01/20/2124;2200;Banderines En Foamy;2200
109;2450;931;50;01/20/2125;4900;Bisturi Borde Blanco Grande OE 112;4900
110;300;114;50;01/20/2126;600;Bisturi Pequeño Económico ;600
111;2250;855;50;01/20/2127;4500;Block Carta Rayas Invisibles Economico;4500
112;1800;684;50;01/20/2128;3600;Block Media Carta Cuadriculado;3600
113;6400;2432;50;01/20/2129;12800;Block Milimetrado Oficio Marfil;12800
114;4350;1653;50;01/20/2130;8700;Boligrafo Paper mate Borrable Fino;8700
115;1350;513;50;01/20/2131;2700;Bolsa Regalo Botellera surtida;2700
116;1800;684;50;01/20/2132;3600;Balso Varilla Redonda 20x910;3600
117;1450;551;50;01/20/2133;2900;Bisturi Borde Blanco Pño Ref OE 110;2900
118;2650;1007;50;01/20/2134;5300;Block Amarillo Carta Rayado Cuadriculado;5300
119;3100;1178;50;01/20/2135;6200;Block Carta Cuadriculado x 80 Hojas;6200
120;5700;2166;50;01/20/2136;11400;Block Iris Neon;11400
121;2450;931;50;01/20/2137;4900;Block Oficio Rayado x 80 Hojas;4900
122;1450;551;50;01/20/2138;2900;Boligrafo Semigel Borrable Economico;2900
123;6000;2280;50;01/20/2139;12000;Boligrafo Semigel OffiEsco Colores Surtidos X Caja;12000
124;8250;3135;50;01/20/2140;16500;Block Base 30 Rotulado;16500
125;3100;1178;50;01/20/2141;6200;Block Carta Rayado x 80 Hojas;6200
126;5300;2014;50;01/20/2142;10600;Block Mantequilla;10600
127;2200;836;50;01/20/2143;4400;Block Media Carta Sin Rayas;4400
128;1850;703;50;01/20/2144;3700;Block Oficio Cuadriculado x 80 Hojas;3700
129;1450;551;50;01/20/2145;2900;Boligrafo Tinta Mojada Benssini 0.7;2900
130;3400;1292;50;01/20/2146;6800;Block  Pinares 25x35 Bond 28 Rotulado ;6800
131;2700;1026;50;01/20/2147;5400;Boligrafo Gel Borrable Offiesco;5400
132;3950;1501;50;01/20/2148;7900;Boligrafo Gel Mirellado  Gipao x 6;7900
133;1950;741;50;01/20/2149;3900;Bolsa Regalo Holografica Grande ;3900
134;750;285;50;01/20/2150;1500;Bolsa Holografica Mini;1500
135;50;19;50;01/20/2151;100;Bolsillo CD Felpa;100
136;7950;3021;50;01/20/2152;15900;Bomba R-12 paquete x 50;15900
137;150;57;50;01/20/2153;300;Bolsillo Catalogo Oficio;300
138;350;133;50;01/20/2154;700;Bolsillo Oficio Grueso Brillante;700
139;1750;665;50;01/20/2155;3500;Bomba R-12 paquete x 12;3500
140;750;285;50;01/20/2156;1500;Borrador Miga De Pan Studmark-Gipao;1500
141;1250;475;50;01/20/2157;2500;Carton Duplex Pliego;2500
142;3700;1406;50;01/20/2158;7400;Carton Paja 1 Pliego;7400
143;3250;1235;50;01/20/2159;6500;Bolsa Regalo Holografica Extra Grande;6500
144;750;285;50;01/20/2160;1500;Bolsa Regalo Holografica Pequeña;1500
145;650;247;50;01/20/2161;1300;Bolsillo Carta Grueso Brillante;1300
146;30950;11761;50;01/20/2162;61900;Bolsillo Carta Grueso x 50;61900
147;6950;2641;50;01/20/2163;13900;Bolsillo Catalogo oficio x 100;13900
148;150;57;50;01/20/2164;300;Bolsillo Catalogo x Unidad ;300
149;250;95;50;01/20/2165;500;Bolsillo Cedula y/o Escarapela;500
150;250;95;50;01/20/2166;500;Bomba Feliz Cumpleaños-Carita Feliz;500
151;1450;551;50;01/20/2167;2900;Borrador Tablero Acrilico ;2900
152;3200;1216;50;01/20/2168;6400;Carpeta Resorte offiesco Oficio;6400
153;1550;589;50;01/20/2169;3100;Carpeta Escolar Fuelle Primavera ;3100
154;1900;722;50;01/20/2170;3800;Cartulina Durex  X 5;3800
155;4300;1634;50;01/20/2171;8600;Bolsillo Felpa Pqte x 100;8600
156;175;66,5;50;01/20/2172;350;Bomba R-12 x Unidad;350
157;850;323;50;01/20/2173;1700;Borrador Colores Neon Faber Castell-Gipao;1700
158;1350;513;50;01/20/2174;2700;Carpeta Oficio 4 Aletas;2700
159;500;190;50;01/20/2175;1000;Carton Paja 1/8 ;1000
160;950;361;50;01/20/2176;1900;Cartulina Fluorescente Fucsia;1900
161;1300;494;50;01/20/2177;2600;Bolsa Regalo Holografica Mediana;2600
162;250;95;50;01/20/2178;500;Borrador Nata Grande Economico;500
163;600;228;50;01/20/2179;1200;Borrador Nata Pequeño Línea Azul ;1200
164;1200;456;50;01/20/2180;2400;Carpeta Archivadora Colgante Azul;2400
165;500;190;50;01/20/2181;1000;Carpeta Kimberly Granito;1000
166;1350;513;50;01/20/2182;2700;Cartulina Acuarela 1/8 x Unidad;2700
167;1950;741;50;01/20/2183;3900;Cartulina Bristol 1/8 Blanca Paquete x 7 ;3900
168;1550;589;50;01/20/2184;3100;Cartulina Bristol Blanco,Amarillo,Rosa,Azul,Verde Pliego;3100
169;11950;4541;50;01/20/2185;23900;Cartulina Legajadora x paquete;23900
170;950;361;50;01/20/2186;1900;Cartulina Fluorescente Verde;1900
171;9250;3515;50;01/20/2187;18500;Bolsillo Catalogo x 100;18500
172;1150;437;50;01/20/2188;2300;Borrador Nata Grande Línea Azul;2300
173;950;361;50;01/20/2189;1900;Borrador Tablero Tiza;1900
174;3700;1406;50;01/20/2190;7400;Carpeta Resorte Offiesco Carta ref 802;7400
175;2000;760;50;01/20/2191;4000;Carton Paja 1/2 Pliego 70 x 50cm;4000
176;1200;456;50;01/20/2192;2400;Carpeta Archivadora Colgante CAFE;2400
177;16450;6251;50;01/20/2193;32900;Cinta Empaque x 300 Yardas;32900
178;2600;988;50;01/20/2194;5200;Bolsa Regalo Holografica Jumbo;5200
179;125;47,5;50;01/20/2195;250;Bolsillo Contraseña;250
180;250;95;50;01/20/2196;500;Bomba R-12 Plateada y dorada;500
181;1150;437;50;01/20/2197;2300;Borrador Miga De Pan Pelikan;2300
182;1450;551;50;01/20/2198;2900;Borrador Tinta Lapiz Paper Mate;2900
183;650;247;50;01/20/2199;1300;Carpeta  Celuguia Yute Oficio con pestaña;1300
184;300;114;50;01/20/2200;600;Cartulina Bristol 1/8  Pastel x Unidad;600
185;300;114;50;01/20/2201;600;Cartulina Bristol 1/8 Blanca Unidad;600
186;2700;1026;50;01/20/2202;5400; Cartulina Bristol 1/8 Pastel Paquete x 7;5400
187;300;114;50;01/20/2203;600;Cartulina Fluorescente 1/8 Colores;600
188;950;361;50;01/20/2204;1900; Cartulina Fluorescente Amarillo;1900
189;2700;1026;50;01/20/2205;5400;Cartulina Fluorescente 1/8 Paquete x 10;5400
190;1100;418;50;01/20/2206;2200;Cinta Empaque  Pulsera;2200
191;3450;1311;50;01/20/2207;6900;Cinta  Empaque 48 x 40 mts;6900
192;5750;2185;50;01/20/2208;11500;Cinta Enmascarar 2pulgadas 48x20 Cellux;11500
193;800;304;50;01/20/2209;1600;Borrador Negro Miga  De Pan;1600
194;650;247;50;01/20/2210;1300;Carpeta Celuguia Carta Con Pestaña;1300
195;5450;2071;50;01/20/2211;10900;Cartilla Nacho Lee;10900
196;1000;380;50;01/20/2212;2000;Carton Paja 1/4 Pliego 35 x 50cm;2000
197;400;152;50;01/20/2213;800;Cartulina Durex  x Unidad;800
198;650;247;50;01/20/2214;1300;Carpeta Celuguia Oficio Yute;1300
199;2400;912;50;01/20/2215;4800;Cartulina Bristol Negra Pliego Alemana;4800
200;750;285;50;01/20/2216;1500;Cartulina Degrade Pliego;1500
201;250;95;50;01/20/2217;500;Cartulina Legajadora;500
202;2700;1026;50;01/20/2218;5400;Cartulina Plana 1/8 Paquete x 10 unid;5400
203;400;152;50;01/20/2219;800;Durex  x Unidad;800
204;950;361;50;01/20/2220;1900;Chinche Colores Surtido x 100;1900
205;1450;551;50;01/20/2221;2900;Cinta Empaque 2p Ega x 20 y;2900
206;950;361;50;01/20/2222;1900;Cartulina Fluorescente Naranja;1900
207;800;304;50;01/20/2223;1600;Carpeta Bisel Oficio Colores Surtidos;1600
208;10950;4161;50;01/20/2224;21900;Cinta Empaque 2P Jaza 200 yardas ;21900
209;2150;817;50;01/20/2225;4300;Cinta Enmascarar 3/4p18x20Y Cellux;4300
210;5700;2166;50;01/20/2226;11400;Cinta Empaque 2p x 100 Mt ;11400
211;1650;627;50;01/20/2227;3300;Cinta Enmascarar 1/2 - 12x20 Cellux;3300
212;2800;1064;50;01/20/2228;5600;Cinta Enmascarar 1p 24 x 20mm  Cellux;5600
213;850;323;50;01/20/2229;1700;Carpeta Bisel Carta Colores Surtidos;1700
214;3450;1311;50;01/20/2230;6900;Cinta Correctora Offiesco;6900
215;2650;1007;50;01/20/2231;5300;Cinta Doble Faz  Espuma 2.5 mt;5300
216;13500;5130;50;01/20/2232;27000;Colores Norma Largos x 13+2;27000
217;6850;2603;50;01/20/2233;13700;Colores Faber Castell x 12 Largo;13700
218;4900;1862;50;01/20/2234;9800;Colores Magicolor  6x12;9800
219;19950;7581;50;01/20/2235;39900;Colores Magicolor 24 x 48 Doblepunta;39900
220;400;152;50;01/20/2236;800;CD Virgen;800
221;800;304;50;01/20/2237;1600;Clip Sencillo Triton;1600
222;6850;2603;50;01/20/2238;13700;Colores Faber Castell x 12 Largo;13700
223;12200;4636;50;01/20/2239;24400;Colores Magicolor 24 + 6 ;24400
224;6400;2432;50;01/20/2240;12800;Colores Magicolor Unipunta x 12;12800
225;1000;380;50;01/20/2241;2000;Compraventa Vehiculo Autocopiante;2000
226;5950;2261;50;01/20/2242;11900;Contac Amarillo x 3 Metros;11900
227;2000;760;50;01/20/2243;4000;Contac Amarillo x Metro;4000
228;2100;798;50;01/20/2244;4200;Contac Blanco x Metro;4200
229;2000;760;50;01/20/2245;4000;Contac Holografico Rojo-Verde x metro;4000
230;4600;1748;50;01/20/2246;9200;Contac Naranja x 3 M;9200
231;1050;399;50;01/20/2247;2100;Chinche Triton x 50;2100
232;3450;1311;50;01/20/2248;6900;Chinchon Plastificado Colores Blister  x 100;6900
233;2450;931;50;01/20/2249;4900;Cinta Doble Faz Fina Transparente;4900
234;1750;665;50;01/20/2250;3500;Cinta Impronta  1p;3500
235;1100;418;50;01/20/2251;2200;Cinta Negra Aislante;2200
236;600;228;50;01/20/2252;1200;Cinta Transparente 12x20 ;1200
237;22950;8721;50;01/20/2253;45900;Colores Ecologicos x 36 Artisan;45900
238;14400;5472;50;01/20/2254;28800;Colores Norma Doble Punta 26 Colores;28800
239;1800;684;50;01/20/2255;3600;Contac Naranja x Metro;3600
240;2400;912;50;01/20/2256;4800;Cinta Invisible 1,5x11 ;4800
241;7950;3021;50;01/20/2257;15900;Colores Ecologicos Artisan X 12;15900
242;9950;3781;50;01/20/2258;19900;Colores Norma Doble Punta x 12=24;19900
243;7100;2698;50;01/20/2259;14200;Colores Parchesitos x  14 + 1;14200
244;10200;3876;50;01/20/2260;20400;Colores Parchesitos x 24 Laragos;20400
245;21450;8151;50;01/20/2261;42900;Colores Prismacolor x 24 Caballete;42900
246;3600;1368;50;01/20/2262;7200;Compas Precisición Gipao + Transportador Gp 15;7200
247;3900;1482;50;01/20/2263;7800;Comprobante Egreso Cheque Economico;7800
248;5950;2261;50;01/20/2264;11900;Contac Rojo x 3 Metros;11900
249;900;342;50;01/20/2265;1800;Cartulina Plana Ama,Ros,Nar,Azul,Roj,Caf,Negr,Verd,mora.;1800
250;550;209;50;01/20/2266;1100;Certificado Ingresos y Retenciones;1100
251;1000;380;50;01/20/2267;2000;Clip Jumbo Colores Benssini Blister;2000
252;5300;2014;50;01/20/2268;10600;Colores Berol Recreo x 12 Largos;10600
253;9950;3781;50;01/20/2269;19900;Colores Magicolor 12x24 Doble punta;19900
254;14950;5681;50;01/20/2270;29900;Colores Norma x  12  Punta Gruesa  Triangular;29900
255;18950;7201;50;01/20/2271;37900;Colores Norma x 24 + 4 Largos;37900
256;10450;3971;50;01/20/2272;20900;Colores Prisma Color x 15 Caballete;20900
257;6950;2641;50;01/20/2273;13900;Colores Scribe x 15 Colores Vibrantes;13900
258;2950;1121;50;01/20/2274;5900;Compas Gipao GP-9;5900
259;2650;1007;50;01/20/2275;5300;Comprobante Egreso Efectivo Economico;5300
260;8300;3154;50;01/20/2276;16600;Contac Madera Claro x 3 Metros;16600
261;1550;589;50;01/20/2277;3100;Cinta Doble Faz Espuma Grande x 5 mts ;3100
262;5950;2261;50;01/20/2278;11900;Cinta Impresora Epson ERC 38;11900
263;4550;1729;50;01/20/2279;9100;Clip Colores Jumbo Studmark;9100
264;1300;494;50;01/20/2280;2600;Clip Mariposa Gigante x 12;2600
265;1950;741;50;01/20/2281;3900;Clip Pequeño Colores Eterna - Studmark;3900
266;16450;6251;50;01/20/2282;32900;Colores Norma Largos + 6 colores especiales;32900
267;26450;10051;50;01/20/2283;52900;Colores Norma x 36+4;52900
268;20950;7961;50;01/20/2284;41900;Colores Prismacolor x 24Giratorios;41900
269;1450;551;50;01/20/2285;2900;Constitucion Politica De Colombia;2900
270;2450;931;50;01/20/2286;4900;Contac Azul x Metro;4900
271;6150;2337;50;01/20/2287;12300;Blanco x 3  metros;12300
272;2000;760;50;01/20/2288;4000;Contac Rojo x Metro;4000
273;2500;950;50;01/20/2289;5000;Contac Transparente Liso x Metro;5000
274;2300;874;50;01/20/2290;4600;Clip Mariposa Caja x 50 Triton;4600
275;100;38;50;01/20/2291;200;Clip Mariposa x Unidad;200
276;5950;2261;50;01/20/2292;11900;Colores Berol Recreo 12 x 24 Doble punta;11900
277;9950;3781;50;01/20/2293;19900;Colores Faber Castell Super Soft;19900
278;14950;5681;50;01/20/2294;29900;Colores Magicolor Unipunta x 24;29900
279;8950;3401;50;01/20/2295;17900;Colores Magicolor x 15 Redondos;17900
280;1150;437;50;01/20/2296;2300;Compas Lápiz Economico;2300
281;1700;646;50;01/20/2297;3400;Comprobante Ingreso Economico;3400
282;5950;2261;50;01/20/2298;11900;Contac Verde oscuro x 3 Metros;11900
283;2450;931;50;01/20/2299;4900;Contac Verde Oscuro x Metro;4900
284;11950;4541;50;01/20/2300;23900;Colores Prismacolor x 12;23900
285;5950;2261;50;01/20/2301;11900;Contac Azul x 3 Metros;11900
286;2800;1064;50;01/20/2302;5600;Contac Madera Claro x Metro ;5600
287;8300;3154;50;01/20/2303;16600;Contac Madera Oscuro x 3mt ;16600
288;2800;1064;50;01/20/2304;5600;Contac Madera Oscuro x Metro;5600
289;6300;2394;50;01/20/2305;12600;Contac Negro x 3 Metros;12600
290;2150;817;50;01/20/2306;4300;Contac Negro x Metro Studmark;4300
291;2100;798;50;01/20/2307;4200;Contrato Trabajo a Termino Fijo Inferior a 1 Año;4200
292;1100;418;50;01/20/2308;2200;Corrector Doricolor Lapiz  ;2200
293;1350;513;50;01/20/2309;2700;Corrector Gipao lapiz;2700
294;6600;2508;50;01/20/2310;13200;Contac Transparente Liso x 3 M;13200
295;2600;988;50;01/20/2311;5200;Corrector Lapiz Faber Castell;5200
296;8300;3154;50;01/20/2312;16600;Cosedora studmark Pña Ref 4305;16600
297;6200;2356;50;01/20/2313;12400;Creyones Parchesitos Gruesos x 10 Gigante;12400
298;950;361;50;01/20/2314;1900;Croquis Mapas Colombia-America y Antioquia;1900
299;13950;5301;50;01/20/2315;27900;Cuaderno 5 Materias Pasta Dura Pequeño  Lukis-Norma Express;27900
300;2000;760;50;01/20/2316;4000;Contrato Arrendamiento Vivienda Minerva;4000
301;400;152;50;01/20/2317;800;Cordon Plano para Escarapela;800
302;3700;1406;50;01/20/2318;7400;Cosedora Mini Offi -Gipao;7400
303;16300;6194;50;01/20/2319;32600;Cuaderno 7 Materias Lukis-Norma express;32600
304;4950;1881;50;01/20/2320;9900;Cuaderno Argollado Grande 105 Eco Cid Cuadriculado;9900
305;3800;1444;50;01/20/2321;7600;Cuaderno Argollado Peq Cuadriculado x 100 Hojas;7600
306;2600;988;50;01/20/2322;5200;Cuaderno Cosido 50 hojas Economico Rayado ;5200
307;2450;931;50;01/20/2323;4900;Cuaderno Cosido doble Línea 50 Hojas;4900
308;1350;513;50;01/20/2324;2700;Contrato Arrendamiento Local Comercial;2700
309;1250;475;50;01/20/2325;2500;Contrato Laboral a Termino Fijo de 1 a 3 años;2500
310;1450;551;50;01/20/2326;2900;Contrato Laboral a Termino Indefinido;2900
311;23900;9082;50;01/20/2327;47800;Cosedora Offiesco  OE 339;47800
312;1650;627;50;01/20/2328;3300;Cuaderno Doble Linea grapado 100h;3300
313;1050;399;50;01/20/2329;2100;Cuaderno Grapado 50h Doble linea;2100
314;1650;627;50;01/20/2330;3300;Cuaderno Grapado Cuadriculado x 100;3300
315;1050;399;50;01/20/2331;2100;Cuaderno Grapado Cuadriculado x 50 Hojas;2100
316;350;133;50;01/20/2332;700;Cuenta Cobro Autocopiante Legis x Unidad;700
317;1075;408,5;50;01/20/2333;2150;Cuenta Cobro Grande Original formas Especiales;2150
318;1200;456;50;01/20/2334;2400;Curvigrafo Pequeño;2400
319;1950;741;50;01/20/2335;3900;Contrato Civil de Obra;3900
320;2500;950;50;01/20/2336;5000;Compraventa y Traspaso Formas Juridicas 4 En 1;5000
321;1750;665;50;01/20/2337;3500;Contrato Individual de Trabajo x duración de Obra o Labor determ.;3500
322;3850;1463;50;01/20/2338;7700;Corrector Liquid Paper Lapiz 7 ml.;7700
323;13450;5111;50;01/20/2339;26900;Cosedora Alikate Studmark  ;26900
324;6150;2337;50;01/20/2340;12300;Cuaderno Argollado 85-1 Rayado Pasta Dura ;12300
325;1075;408,5;50;01/20/2341;2150;Cuenta Cobro Grande Original Formas Especiales;2150
326;1800;684;50;01/20/2342;3600;Cuenta Cobro Talonario Autocopiante Peq.;3600
327;1650;627;50;01/20/2343;3300;Detector Billetes Economico;3300
328;3950;1501;50;01/20/2344;7900;Escuadra 60° x 32 Cm Linea Azul;7900
329;1600;608;50;01/20/2345;3200;Escuadra Morrison 45cm x 32;3200
330;650;247;50;01/20/2346;1300;Escuadra Morrison 60*21;1300
331;1800;684;50;01/20/2347;3600;Foamy 4 Cartas Blanco;3600
332;1800;684;50;01/20/2348;3600;Foamy 4 Cartas Fucsia;3600
333;1800;684;50;01/20/2349;3600;Foamy 4 Cartas Morado;3600
334;1800;684;50;01/20/2350;3600;Foamy 4 Cartas Rosado;3600
335;9200;3496;50;01/20/2351;18400;Folder 0.5 Pulgada Blanco-Negro Red Point;18400
336;1250;475;50;01/20/2352;2500;Contrato Promesa Compraventa de Inmueble;2500
337;1750;665;50;01/20/2353;3500;Corrector  2 en 1 Marfil ;3500
338;5450;2071;50;01/20/2354;10900;Cosedora Pequeña Plastica Ref 4300 Studmark;10900
339;8800;3344;50;01/20/2355;17600;Cuaderno 5 Materias pasta dura Cuadriculado ;17600
340;9700;3686;50;01/20/2356;19400;Cuaderno Argollado 105 Grande Pasta Dura Rayado ;19400
341;11450;4351;50;01/20/2357;22900;Cuaderno Argollado 5 Materias Lukis Tipo Agenda;22900
342;4950;1881;50;01/20/2358;9900;Cuaderno Argollado Grande 105 Eco Cid Rayado;9900
343;4200;1596;50;01/20/2359;8400;Dispensador Cinta Pequeña gp - 503;8400
344;1950;741;50;01/20/2360;3900;Escuadra 60° x 32Cm Faber Castell;3900
345;1450;551;50;01/20/2361;2900;Filigrana;2900
346;1800;684;50;01/20/2362;3600;Foamy 4 Cartas Naranja;3600
347;2950;1121;50;01/20/2363;5900;Gancho Cosedora Studmark 23/13;5900
348;11800;4484;50;01/20/2364;23600;Cosedora Offiesco  OE 332;23600
349;1250;475;50;01/20/2365;2500;Cuadernillo Música Pentagramado;2500
350;9700;3686;50;01/20/2366;19400;Cuaderno Argollado 105 Grande  Pasta dura Cuadriculado ;19400
351;6150;2337;50;01/20/2367;12300;Cuaderno Argollado 85-2 Pasta Dura  Cuadriculado;12300
352;2450;931;50;01/20/2368;4900;Cuaderno cosido Cuadriculado 50 Hojas;4900
353;2400;912;50;01/20/2369;4800;Cuaderno Grapado Rayado x 100 Hojas  ;4800
354;3650;1387;50;01/20/2370;7300;Cuenta Cobro Periodico sin copia FS-3;7300
355;1800;684;50;01/20/2371;3600;Curvigrafo Morrison Grande;3600
356;1800;684;50;01/20/2372;3600;Foamy 4 Cartas Azul Rey-Claro;3600
357;1800;684;50;01/20/2373;3600;Foamy 4 Cartas Cafe;3600
358;1800;684;50;01/20/2374;3600;Foamy 4 Cartas Negro;3600
359;1800;684;50;01/20/2375;3600;Foamy 4 Cartas Negro;3600
360;150;57;50;01/20/2376;300;Gancho Legajador Triton x Unidad;300
361;700;266;50;01/20/2377;1400;Gancho Lotero 51mm 2p x unidad ;1400
362;6450;2451;50;01/20/2378;12900;Cosedora Pequeña Plastica Ref 330 Offiesco;12900
363;16950;6441;50;01/20/2379;33900;Cosedora Studmark Grande 4322;33900
364;2400;912;50;01/20/2380;4800;Creyones  Delgados x 10 Parchesitos;4800
365;19450;7391;50;01/20/2381;38900;Cuaderno 5 Materias Pasta Dura Lukis Grande;38900
366;21950;8341;50;01/20/2382;43900;Cuaderno 7 Materias Pasta dura scribe Grande;43900
367;2950;1121;50;01/20/2383;5900;Cosido Doble Linea 100 Hojas;5900
368;2800;1064;50;01/20/2384;5600;Cuaderno Regleta cosido;5600
369;1500;570;50;01/20/2385;3000;Cuaderno Trazos Vocales y Números;3000
370;1750;665;50;01/20/2386;3500;Cuentos Para Colorear;3500
371;1250;475;50;01/20/2387;2500;Escuadra. 45°x21 Linea Azul;2500
372;400;152;50;01/20/2388;800;Estuche Cedula Pasta;800
373;1800;684;50;01/20/2389;3600;Foamy 4 Cartas Amarillo;3600
374;1800;684;50;01/20/2390;3600;Foamy 4 Cartas Piel;3600
375;19500;7410;50;01/20/2391;39000;Folder 3 pulgadas Blanco-Negro Red Point;39000
376;8300;3154;50;01/20/2392;16600;Gancho Expediente N 7-8 x 100;16600
377;2800;1064;50;01/20/2393;5600;Gancho Legajador Plàstico x paquete;5600
378;150;57;50;01/20/2394;300;Gancho Madera Grande;300
379;250;95;50;01/20/2395;500;Gancho Manecilla pño;500
380;100;38;50;01/20/2396;200;Hoja Carta;200
381;50;19;50;01/20/2397;100;Hoja Carta Bond Colores;100
382;950;361;50;01/20/2398;1900;Hoja Vida Azul 1003 con Sobre;1900
383;3950;1501;50;01/20/2399;7900;Huellero Grande;7900
384;2950;1121;50;01/20/2400;5900;Humedecedor Dactilar-Cuenta Facil Trazos;5900
385;3800;1444;50;01/20/2401;7600;Cuaderno Argollado Peq Rayado x 100 Hojas;7600
386;3700;1406;50;01/20/2402;7400;Cuaderno Cosido 100H Económico Rayado-cuadriculado;7400
387;13950;5301;50;01/20/2403;27900;Cuenta Cobro Autocopiante Legis;27900
388;3750;1425;50;01/20/2404;7500;Cuenta Cobro Autocopiante Grande;7500
389;575;218,5;50;01/20/2405;1150;Cuenta Cobro Original y Copia Pequeño Formas de Calidad;1150
390;3800;1444;50;01/20/2406;7600;Detector Billetes pelikan;7600
391;5800;2204;50;01/20/2407;11600;Dispensador Cinta Mediano GP-502;11600
392;3450;1311;50;01/20/2408;6900;Escuadra 45° x 32 Cm Linea Azul;6900
393;1450;551;50;01/20/2409;2900;Escuadra 60° x 21Cm Línea Azul;2900
394;1800;684;50;01/20/2410;3600;Foamy 4 Cartas Gris;3600
395;1800;684;50;01/20/2411;3600;Foamy 4 Cartas Verde Limon;3600
396;1800;684;50;01/20/2412;3600;Foamy 4 Cartas Verde Oscuro;3600
397;450;171;50;01/20/2413;900;Foamy Carta Colores Surtido;900
398;13450;5111;50;01/20/2414;26900;Folder 105 Estampado;26900
399;9950;3781;50;01/20/2415;19900;Folder 1 pulgada Negro-Blanco Red Point;19900
400;1000;380;50;01/20/2416;2000;Gancho Cosedora Gipao-Eterna-studmark x 1000;2000
401;100;38;50;01/20/2417;200;Gancho Expediente N 7- 8 x unidad;200
402;200;76;50;01/20/2418;400;Gancho Legajador Plastico x unidad;400
403;3900;1482;50;01/20/2419;7800;Gancho Lotero 32mm 1 1/4 Caja;7800
404;400;152;50;01/20/2420;800;Gancho Lotero 32mm 1 1/4 x unidad;800
405;1050;399;50;01/20/2421;2100;Cuaderno Grapado Rayado x 50;2100
406;2550;969;50;01/20/2422;5100;Cuenta Cobro Talonario Autocopiante Mediana;5100
407;5500;2090;50;01/20/2423;11000;Diccionario Español ;11000
408;8150;3097;50;01/20/2424;16300;Diccionario Ingles & Español Chicago;16300
409;2150;817;50;01/20/2425;4300;Fechador Date Stamp Studmark;4300
410;950;361;50;01/20/2426;1900;Foamy Mirellado Carta Surtido;1900
411;3200;1216;50;01/20/2427;6400;Gancho Cosedora Triton-Gipao Estandar X 5000;6400
412;850;323;50;01/20/2428;1700;Gancho Manecilla;1700
413;75;28,5;50;01/20/2429;150;Hilo Dorado-Plateado;150
414;75;28,5;50;01/20/2430;150;Hoja  Kimberly Granito;150
415;100;38;50;01/20/2431;200;Hoja Oficio;200
416;350;133;50;01/20/2432;700;Hoja Papel Fotografico 180 gr Economico Gipao;700
417;1900;722;50;01/20/2433;3800;Fichas Bibliografica Verde,Rosa,Azul,Amarilla,Blanca;3800
418;1200;456;50;01/20/2434;2400;Fija Boligrafos Economico;2400
419;1800;684;50;01/20/2435;3600;Foamy 4 Cartas Azul Cielo;3600
420;1800;684;50;01/20/2436;3600;Foamy 4 Cartas Rojo;3600
421;2700;1026;50;01/20/2437;5400;Foamy Figuras Surtidas;5400
422;11600;4408;50;01/20/2438;23200;Folder Carta 2.0p Azul-Blanco-Negro Red Point;23200
423;2250;855;50;01/20/2439;4500;Gancho Legajador Triton x Caja;4500
424;600;228;50;01/20/2440;1200;Gancho Lotero 41mm 1 5/8 x unidad;1200
425;200;76;50;01/20/2441;400;Hoja  Iris Colores Surtidos;400
426;1000;380;50;01/20/2442;2000;Hoja Papel Fotografico 220gr Eterna;2000
427;250;95;50;01/20/2443;500;Hoja Papel Milimetrado;500
428;10950;4161;50;01/20/2444;21900;Folder Carta 1.5p Negro-Blanco Red Point;21900
429;250;95;50;01/20/2445;500;Gancho  Escarapela;500
430;5950;2261;50;01/20/2446;11900;Gancho Lotero 41mm 1 5/8  Caja;11900
431;100;38;50;01/20/2447;200;Gancho Madera Pequeño;200
432;800;304;50;01/20/2448;1600;Hoja Vida Gris con Sobre;1600
433;250;95;50;01/20/2449;500;Hoja Papel Mantequilla;500
434;2700;1026;50;01/20/2450;5400;Huellero Pequeño Eterna /Clickit;5400
435;200;76;50;01/20/2451;400;Gancho Lotero19mm  Unidad;400
436;6950;2641;50;01/20/2452;13900;Gancho Lotero 51 MM 2p Caja;13900
437;200;76;50;01/20/2453;400;Hoja Tabloide;400
438;6450;2451;50;01/20/2454;12900;Huellero Prevent Security;12900
439;1750;665;50;01/20/2455;3500;Humedecedor Dactilar Pequeño-Cuenta Facil Pelikan;3500
440;50;19;50;01/20/2456;100;Hoja Iris Degrade  x Unid;100
441;700;266;50;01/20/2457;1400;Kilometrico 100 Negro x Unidad;1400
442;4000;1520;50;01/20/2458;8000;Impresion en Plotter;8000
443;400;152;50;01/20/2459;800;Kilometrico 100 surtido Mini;800
444;600;228;50;01/20/2460;1200;Laminado Tamaño Cedula;1200
445;750;285;50;01/20/2461;1500;Impresion Blanco y Negro Tabloide 11px17p;1500
446;4450;1691;50;01/20/2462;8900;Inflador de Bombas;8900
447;3450;1311;50;01/20/2463;6900;Juego Geometrico Benssini Flexible;6900
448;6300;2394;50;01/20/2464;12600;Juego Geometrico Eterna Flexible;12600
449;700;266;50;01/20/2465;1400;Kilometrico 100 Colores surtidos;1400
450;950;361;50;01/20/2466;1900;Laminado Tamaño 1/2 Carta;1900
451;750;285;50;01/20/2467;1500;Lana Colores ;1500
452;500;190;50;01/20/2468;1000;Impresion Full Color Precio Especial;1000
453;250;95;50;01/20/2469;500;Impresion Blanco y Negro;500
454;200;76;50;01/20/2470;400;Impresion Blanco y Negro Precio Especial;400
455;1250;475;50;01/20/2471;2500;Impresion  Color Tabloide  11p x 17 p;2500
456;800;304;50;01/20/2472;1600;Kilometrico 100 Retractil Negro x Unidad;1600
457;1800;684;50;01/20/2473;3600;Laminado Tamaño Carta;3600
458;600;228;50;01/20/2474;1200;Impresion Color ;1200
459;2450;931;50;01/20/2475;4900;Juego Tangran ;4900
460;750;285;50;01/20/2476;1500;Kilometrico 100 Retractil Colores Surtidos;1500
461;2100;798;50;01/20/2477;4200;Kilometrico Borrable Rojo;4200
462;2050;779;50;01/20/2478;4100;Laminado Tamaño Oficio;4100
463;650;247;50;01/20/2479;1300;Lapicero Bic Cristal Negro unidad;1300
464;2850;1083;50;01/20/2480;5700;Juego Geometrico Linea Azul;5700
465;3500;1330;50;01/20/2481;7000;Kardex Tarjeta Econo Paquete x 85 Imp;7000
466;500;190;50;01/20/2482;1000;Kilometrico 100 Decorado Surtido;1000
467;6950;2641;50;01/20/2483;13900;Kilometrico 100 Negro x Caja;13900
468;8100;3078;50;01/20/2484;16200;Kilometrico 100 Retractil Negro x Caja;16200
469;650;247;50;01/20/2485;1300;Lapicero Bic Cristal Punta Fina;1300
470;3350;1273;50;01/20/2486;6700;Libreta 1/2 Carta Argollada x 80 Hojas azul;6700
471;150;57;50;01/20/2487;300;Libreta Natillera;300
472;3950;1501;50;01/20/2488;7900;Libreta Verde Norma Sin AZ;7900
473;11100;4218;50;01/20/2489;22200;Libro Contable 3 Columnas 1/2 oficio 80 Hojas Boston Sin A-Z;22200
474;2950;1121;50;01/20/2490;5900;Lapiz Carboncillo Staedtler;5900
475;3750;1425;50;01/20/2491;7500;Lapiz Difuminador ;7500
476;950;361;50;01/20/2492;1900;Lapiz Rojo x unidad;1900
477;16700;6346;50;01/20/2493;33400;Libro Contabilidad 3 Columnas 200 Folios  Sin A-Z Marfil/Norma;33400
478;4200;1596;50;01/20/2494;8400;Libro Contabilidad Grande 3 Col Pasta Flexible;8400
479;4800;1824;50;01/20/2495;9600;Libro Fiscal;9600
480;1150;437;50;01/20/2496;2300;Lluvia de Sobres Toda Ocasión;2300
481;100;38;50;01/20/2497;200;Letra De Cambio x und;200
482;2250;855;50;01/20/2498;4500;Letrero Bienvenidos Flequillo;4500
483;19950;7581;50;01/20/2499;39900;Libro Actas 200 folios sin  A-Z Boston;39900
484;1250;475;50;01/20/2500;2500;Fotocopia Tabloide Laser Color;2500
485;600;228;50;01/20/2501;1200;Fotocopia Laser Color;1200
486;1250;475;50;01/20/2502;2500;Lupa 50 mm ;2500
487;1800;684;50;01/20/2503;3600;Borrable Berol Azul;3600
488;1800;684;50;01/20/2504;3600;Borrable Berol Negro;3600
489;2800;1064;50;01/20/2505;5600;Borrable Edding Rojo;5600
490;1600;608;50;01/20/2506;3200;Metalizado  752 Pelikan;3200
491;1200;456;50;01/20/2507;2400;Lapiz Carboncillo Economico;2400
492;8200;3116;50;01/20/2508;16400;Lapiz Mirado Nº 2  x Caja;16400
493;6450;2451;50;01/20/2509;12900;Libro Actas 1/2 Oficio 80 Hojas Boston pasta dura con  A-Z;12900
494;2400;912;50;01/20/2510;4800;Borrable Verde Recargable Trazo Limpio;4800
495;900;342;50;01/20/2511;1800;Permanente Berol Negro;1800
496;1700;646;50;01/20/2512;3400;Sharpie Permanente Tank Azul;3400
497;1700;646;50;01/20/2513;3400;Sharpie Permanente Tank Negro;3400
498;1700;646;50;01/20/2514;3400;Sharpie Permanente Tank Rojo;3400
499;950;361;50;01/20/2515;1900;Mezclador De Pintura;1900
500;1800;684;50;01/20/2516;3600;Stabilo x Unidad;3600
501;650;247;50;01/20/2517;1300;Lapicero Mirellado Offiesco;1300
502;1550;589;50;01/20/2518;3100;Lapiz Faber Castell 2H,HB,2B,3B,4B,5B,6B,8B;3100
503;750;285;50;01/20/2519;1500;Lapiz Mirado No 2 X Unidad;1500
504;800;304;50;01/20/2520;1600;Lapiz Mirado Wraps Jungla;1600
505;9950;3781;50;01/20/2521;19900;Lapiz Rojo x Caja;19900
506;9450;3591;50;01/20/2522;18900;Libro Contabilidad 3 Columnas 100 folios con AZ Boston;18900
507;13450;5111;50;01/20/2523;26900;Libro Contabilidad 3 Columnas 100 Folios Sin A-Z Marfil-Norma;26900
508;6450;2451;50;01/20/2524;12900;Libro Contable 1/2 Oficio 80 Hojas Boston Con A-Z;12900
509;9300;3534;50;01/20/2525;18600;Libro Actas 1/2 Oficio 80 Hojas pño Pasta dura Boston Sin A-Z;18600
510;100;38;50;01/20/2526;200;Limpia Pipas;200
511;6450;2451;50;01/20/2527;12900;Limpiatipos;12900
512;1950;741;50;01/20/2528;3900;Lupa 60 mm ;3900
513;2400;912;50;01/20/2529;4800;Borrable Azul Recargable Trazo Limpio;4800
514;2400;912;50;01/20/2530;4800;Borrable Negro Recargable Trazo Limpio;4800
515;900;342;50;01/20/2531;1800; Permanente Berol Verde;1800
516;1950;741;50;01/20/2532;3900;Notas Adhesivas 3.8 cm 100 x 4 Colores  Eterna;3900
517;100;38;50;01/20/2533;200;Calcio 105gr;200
518;3950;1501;50;01/20/2534;7900;Libreta Verde Norma con A-Z;7900
519;16450;6251;50;01/20/2535;32900;Libro Contabilidad 3 Columnas 200 Folios Boston Con A-Z;32900
520;2750;1045;50;01/20/2536;5500;Libro Contabilidad Peq 3 Col Pasta Flexible;5500
521;2600;988;50;01/20/2537;5200;Libro Mandalas;5200
522;250;95;50;01/20/2538;500;Fotocopia Documento Ampliado Doble Lado;500
523;200;76;50;01/20/2539;400;Fotocopia Documento Doble Lado;400
524;600;228;50;01/20/2540;1200;Fotocopia Color;1200
525;4200;1596;50;01/20/2541;8400;Sharpie Doble Punta Azul;8400
526;3300;1254;50;01/20/2542;6600;Sharpie Plateado-Bronce-Dorado;6600
527;600;228;50;01/20/2543;1200;Studmark 0.7 HB;1200
528;300;114;50;01/20/2544;600;Tubito,Amarilla,Azul,Verde,Rojo,Dorada,Fucsia,Lila,Plateada,Negra,Blanca,murano,Naranja;600
529;175;66,5;50;01/20/2545;350;Debito- Crédito Minerva;350
530;1250;475;50;01/20/2546;2500;Lapiz Mirado # 2 Triangular Grueso;2500
531;425;161,5;50;01/20/2547;850;Lapiz Norma Grafito;850
532;3000;1140;50;01/20/2548;6000;Letrero Bienvenido y Feliz Cumpleaños En Banderin;6000
533;1950;741;50;01/20/2549;3900;Libreta 1/4 Argollada Rayada Marfil,Norma,Fama;3900
534;950;361;50;01/20/2550;1900;Libreta Pequeña Note Book Negra Economica Argollada;1900
535;11950;4541;50;01/20/2551;23900;Libro Actas  100 Folios Oficio sin A-Z;23900
536;1800;684;50;01/20/2552;3600;Borrable Berol Verde;3600
537;2400;912;50;01/20/2553;4800;Borrable Rojo Recargable Trazo Limpio;4800
538;4200;1596;50;01/20/2554;8400;Sharpie Doble Punta Negro;8400
539;1250;475;50;01/20/2555;2500;Micropunta Pelikan Negro,Rojo,Verde,Azul;2500
540;1250;475;50;01/20/2556;2500;Minas 0.5 HB-2B-2H Faber Castell;2500
541;1750;665;50;01/20/2557;3500;Minas Largas 2mm Benssini - Gipao Ref 219 x 12;3500
542;500;190;50;01/20/2558;1000;Studmark 0.5 HB;1000
543;5200;1976;50;01/20/2559;10400;Notas Adhesivas Cubo Grande Gipao;10400
544;400;152;50;01/20/2560;800;Crepe Amarillo, Azul,Verde,Rojo,blanco,Cafe,Negro,Naranja,Morado,Verde limon,Lila;800
545;9850;3743;50;01/20/2561;19700;Libro Actas 100 Folios con A-Z Boston;19700
546;125;47,5;50;01/20/2562;250;Fotocopia Sencilla;250
547;100;38;50;01/20/2563;200;Fotocopia Sencilla mas de 100 unidades;200
548;150;57;50;01/20/2564;300;Fotocopias Reducida/ Ampliada;300
549;2900;1102;50;01/20/2565;5800;Lupa 90 mm;5800
550;19500;7410;50;01/20/2566;39000;Grafico Vinilo Pelikan 751 Pte x 10;39000
551;1950;741;50;01/20/2567;3900;Grafico Vinilo Pelikan x Unidad;3900
552;4200;1596;50;01/20/2568;8400;Sharpie Doble Punta Rojo;8400
553;2600;988;50;01/20/2569;5200;Marcador Sharpie Punta Fina Ver,azul,roj,negr,nara,viole,azu.;5200
554;5450;2071;50;01/20/2570;10900;Cartilla Nacho Escribe;10900
555;1550;589;50;01/20/2571;3100;Notas Adhesivas Banderines   ;3100
556;950;361;50;01/20/2572;1900;Notas Papel Periodico - Taco;1900
557;700;266;50;01/20/2573;1400;Paleta Paquete x 50;1400
558;700;266;50;01/20/2574;1400;Carbonado Oficio;1400
559;400;152;50;01/20/2575;800; Kraft Pliego;800
560;5600;2128;50;01/20/2576;11200;Papel Pergamino 115g Paquete x 10;11200
561;500;190;50;01/20/2577;1000;Papel Regalo Primavera  ;1000
562;1800;684;50;01/20/2578;3600; Borrable Berol Rojo;3600
563;2800;1064;50;01/20/2579;5600;Borrable Edding Negro;5600
564;1450;551;50;01/20/2580;2900;Grafico Faber Castell x Unidad;2900
565;950;361;50;01/20/2581;1900;Permanente Berol Azul;1900
566;900;342;50;01/20/2582;1800;Permanente Berol Rojo;1800
567;6450;2451;50;01/20/2583;12900;Plumones Norma Lavable x 10;12900
568;1700;646;50;01/20/2584;3400;Sharpie Permanente Tank Verde;3400
569;700;266;50;01/20/2585;1400;Opalina Tabloide;1400
570;200;76;50;01/20/2586;400;Carbonado Carta  Negro;400
571;600;228;50;01/20/2587;1200;Carbonado Carta Azul;1200
572;500;190;50;01/20/2588;1000;Mantequilla Pliego;1000
573;6950;2641;50;01/20/2589;13900;Cuaderno Mi PrimerCuaderno Norma Rayas C;13900
574;1250;475;50;01/20/2590;2500;Minas 0.7 2B-HB Faber Castell;2500
575;550;209;50;01/20/2591;1100;Largas 2MM Studmark x 6;1100
576;2200;836;50;01/20/2592;4400;Notas Adhesivas 76x76 Neón 4 Colores  Gipao GP 03;4400
577;1250;475;50;01/20/2593;2500;Notas Papel Bond - Taco;2500
578;250;95;50;01/20/2594;500;Moviles;500
579;50;19;50;01/20/2595;100;Palo  Chuzo ;100
580;550;209;50;01/20/2596;1100;Bond 75gm x Pliego;1100
581;300;114;50;01/20/2597;600;Globo Estampado Navideño;600
582;300;114;50;01/20/2598;600;Papel Periodico Pliego;600
583;1250;475;50;01/20/2599;2500;Pagaré  Minerva;2500
584;1200;456;50;01/20/2600;2400;Paleta de Colores x 50;2400
585;650;247;50;01/20/2601;1300;Papel Pergamino x Unidad;1300
586;500;190;50;01/20/2602;1000;Regalo Holografico Metalizado;1000
587;800;304;50;01/20/2603;1600;Papel Celofan Colores Surtidos, Azu,Roj,Ros,Trans,Verd,Mor.;1600
588;8450;3211;50;01/20/2604;16900;Fotografico 230gr Paquete x 20;16900
589;350;133;50;01/20/2605;700;Seda Dorado - Plateado;700
590;150;57;50;01/20/2606;300;Papel Globo Colores Surtidos,Neg,Roj,Ros,Amar,Azu,Verd,Nar.;300
591;200;76;50;01/20/2607;400;Silueta Morado;400
592;200;76;50;01/20/2608;400;Silueta Naranja;400
593;200;76;50;01/20/2609;400;Silueta Azul;400
594;200;76;50;01/20/2610;400;Silueta Cafe;400
595;200;76;50;01/20/2611;400;Silueta Rojo;400
596;200;76;50;01/20/2612;400;Silueta Fucsia;400
597;200;76;50;01/20/2613;400;Silueta Negro;400
598;200;76;50;01/20/2614;400;Silueta Verde Limon;400
599;200;76;50;01/20/2615;400;Silueta Verde Oscuro;400
600;800;304;50;01/20/2616;1600;Pegaloca AzuL;1600
601;1050;399;50;01/20/2617;2100;Pegante  Amarillo;2100
602;3950;1501;50;01/20/2618;7900;Pilas AA energizer - Par;7900
603;7200;2736;50;01/20/2619;14400;Arte Royal x 7 Ref 1073;14400
604;8800;3344;50;01/20/2620;17600;Pegante Barra PegaStic 40 Grs;17600
605;14950;5681;50;01/20/2621;29900;Perforadora Gipao Grande 06;29900
606;3600;1368;50;01/20/2622;7200;Tres Tornillos Corriente Negra;7200
607;4700;1786;50;01/20/2623;9400;Pegante Barra Pegastic 20 Grs;9400
608;4350;1653;50;01/20/2624;8700;Pegante UHU Universal 35 ML;8700
609;29950;11381;50;01/20/2625;59900;Perforadora 3 Huecos ;59900
610;975;370,5;50;01/20/2626;1950;No. 07 Redondo - Plano;1950
611;900;342;50;01/20/2627;1800;Plastilina Barra Colores Surtidos 65gm.azu.c,azu.over,roj,ama,narj,negra,mora,blan,rosd.;1800
612;3950;1501;50;01/20/2628;7900;Estuche Pointer AB-H4;7900
613;450;171;50;01/20/2629;900;No. 02 Redondo - Plano;900
614;1550;589;50;01/20/2630;3100;Pincel No. 11 Redondo - Plano;3100
615;675;256,5;50;01/20/2631;1350;9 Barras Cortas PARCHESITOS;1350
616;1650;627;50;01/20/2632;3300;Plumigrafo Paper Mate ;3300
617;600;228;50;01/20/2633;1200;Tornasol;1200
618;3950;1501;50;01/20/2634;7900;Perforadora 2h Pequeña eterna et 162;7900
619;5450;2071;50;01/20/2635;10900;Artist Brushs x 6 Ar 1207;10900
620;775;294,5;50;01/20/2636;1550;No. 05 Redondo - Plano ;1550
621;650;247;50;01/20/2637;1300;Borrar Metalica;1300
622;1950;741;50;01/20/2638;3900;Barras Largas PARCHESITOS 9 Colores;3900
623;1700;646;50;01/20/2639;3400;Borrador Retractil Pelikan;3400
624;4450;1691;50;01/20/2640;8900;Portaminas Faber Castell 0.7-0.5 Poly Tri Fino;8900
625;4850;1843;50;01/20/2641;9700;Portaminas Staedtler 0.5 - 0.7;9700
626;3650;1387;50;01/20/2642;7300;Pegante Barra Sipega / offi-esco 40gm;7300
627;1050;399;50;01/20/2643;2100;Pegante Barra Sipega 8 gr;2100
628;2900;1102;50;01/20/2644;5800;Perforadora 1Hueco Pointer/ gipao;5800
629;11800;4484;50;01/20/2645;23600;Arte Royal x 12 Ref 1415;23600
630;8450;3211;50;01/20/2646;16900;Arte Royal x 6 Ref 1074;16900
631;3450;1311;50;01/20/2647;6900;Brush set x  4 Ref 0837;6900
632;425;161,5;50;01/20/2648;850;No. 01 Redondo- Plano;850
633;1450;551;50;01/20/2649;2900;No. 12 Redondo - Plano;2900
634;750;285;50;01/20/2650;1500;Portaminas Studmark Laser 0.5 - 0.7;1500
635;3350;1273;50;01/20/2651;6700;Pegante Barra PegaStic x 10 G;6700
636;1650;627;50;01/20/2652;3300;Pegante Barra Sipega 15 gr;3300
637;2300;874;50;01/20/2653;4600;Pegante Barra Sipega - Gipao 25 Gr;4600
638;1350;513;50;01/20/2654;2700;Pegante Escarchado;2700
639;5450;2071;50;01/20/2655;10900;Brush sm-072;10900
640;500;190;50;01/20/2656;1000;Pincel Delineador;1000
641;500;190;50;01/20/2657;1000;No. 03 Redondo - Plano;1000
642;1100;418;50;01/20/2658;2200;No. 08 Redondo - Plano;2200
643;1300;494;50;01/20/2659;2600;No. 10 Redondo - Plano ;2600
644;1750;665;50;01/20/2660;3500;Ovalos y circulos;3500
645;1300;494;50;01/20/2661;2600;Portaguias Plasticas Paq x 10;2600
646;950;361;50;01/20/2662;1900;Portaminas Poly 0.7 economico;1900
647;550;209;50;01/20/2663;1100;No. 04 Redondo - Plano;1100
648;825;313,5;50;01/20/2664;1650;No. 06 Redondo - Plano;1650
649;1250;475;50;01/20/2665;2500;No. 09 Redondo - Plano ;2500
650;10950;4161;50;01/20/2666;21900;Silicona Pequeña Original;21900
651;3450;1311;50;01/20/2667;6900;Parchesitos Lavables;6900
652;450;171;50;01/20/2668;900;Porta carne Horizontal o Vertical;900
653;1050;399;50;01/20/2669;2100;Portaminas Poly 0.5 Economico;2100
654;19950;7581;50;01/20/2670;39900;Redondo Mediano;39900
655;2750;1045;50;01/20/2671;5500;Barra larga parchesitos x 13 Colores;5500
656;800;304;50;01/20/2672;1600;Portaminas Benssini Doble clic 0.5 - 0.7;1600
657;8200;3116;50;01/20/2673;16400;Offi esco Lavable Grueso Ref 082 x12;16400
658;1600;608;50;01/20/2674;3200;Portaminas 2 mm Gipao;3200
659;700;266;50;01/20/2675;1400;Plumillas Tinta china;1400
660;2350;893;50;01/20/2676;4700;Plumones Parchesitos Estuche x 6;4700
661;950;361;50;01/20/2677;1900;Portaminas Paper Mate Mirado 0.7 MM;1900
662;975;370,5;50;01/20/2678;1950;Portaminas Studmarck Double Click 0.5;1950
663;30950;11761;50;01/20/2679;61900;Redondo Grande;61900
664;950;361;50;01/20/2680;1900;Adhesivo para folder x 120;1900
665;4800;1824;50;01/20/2681;9600;Madera 100cm;9600
666;550;209;50;01/20/2682;1100;Regla Linea Azul 20 Cm;1100
667;900;342;50;01/20/2683;1800;Regla Madera 30 Cms ;1800
668;1450;551;50;01/20/2684;2900;Regla Madera 50 cms;2900
669;1400;532;50;01/20/2685;2800;Caja Menor;2800
670;1300;494;50;01/20/2686;2600;Regla Plantilla Letra Pña;2600
671;1300;494;50;01/20/2687;2600;Flexible Linea Azul - Eterna;2600
672;650;247;50;01/20/2688;1300;Plastica 15 Cms Linea Azul;1300
673;1850;703;50;01/20/2689;3700;Bisturi X-Sacto;3700
674;5200;1976;50;01/20/2690;10400;Folder 105-1FF Rayado;10400
675;1950;741;50;01/20/2691;3900;Folder 85-1 Cuadriculado;3900
676;15500;5890;50;01/20/2692;31000;Resma Oficio Reprograf;31000
677;7200;2736;50;01/20/2693;14400;Rapidografo Eding;14400
678;1300;494;50;01/20/2694;2600;Regla 30Cm  Plastica Gipao;2600
679;1900;722;50;01/20/2695;3800;Regla Plantilla de Letras Gigante ;3800
680;650;247;50;01/20/2696;1300;Bisturi Pequeño x 10;1300
681;1450;551;50;01/20/2697;2900;Folder 95-1 Rayado;2900
682;2450;931;50;01/20/2698;4900;Caja Grande;4900
683;5200;1976;50;01/20/2699;10400;Folder 105-2FF cuadriculado ;10400
684;400;152;50;01/20/2700;800;Punzon Plastico;800
685;750;285;50;01/20/2701;1500;Quemar DVD;1500
686;5800;2204;50;01/20/2702;11600;Escalimetro ;11600
687;1350;513;50;01/20/2703;2700;Regla Metalica 30 Cms;2700
688;800;304;50;01/20/2704;1600;Metalica 15 CM;1600
689;1950;741;50;01/20/2705;3900;Bisturi Grande x 10;3900
690;3800;1444;50;01/20/2706;7600;Folder 95-2 Cuadriculado;7600
691;5450;2071;50;01/20/2707;10900;Repuesto Parker Tinta seca;10900
692;1250;475;50;01/20/2708;2500;Rollo datafono;2500
693;14000;5320;50;01/20/2709;28000;Resma Carta  Reprograf;28000
694;7950;3021;50;01/20/2710;15900;Rollo Datafono paquete x 8;15900
695;400;152;50;01/20/2711;800;Quemar CD;800
696;1600;608;50;01/20/2712;3200;Regla 30Cm Linea Azul;3200
697;7950;3021;50;01/20/2713;15900;Regleta Colores Cousinare;15900
698;7450;2831;50;01/20/2714;14900;Parker Tinta Humeda;14900
699;1100;418;50;01/20/2715;2200;Resaltador Amarillo Edding;2200
700;1950;741;50;01/20/2716;3900;Resaltador Sharpie Azul;3900
701;1950;741;50;01/20/2717;3900;Resaltador Sharpie Fucsia;3900
702;5950;2261;50;01/20/2718;11900;Resma copia Natural;11900
703;750;285;50;01/20/2719;1500; Imitación Parker  ;1500
704;1950;741;50;01/20/2720;3900;Resaltador Sharpie Naranja;3900
705;24950;9481;50;01/20/2721;49900;Quimico Copia Amarilla 76x30 paquete x 6;49900
706;1100;418;50;01/20/2722;2200;Precio Marco Rojo $ x 500 unid;2200
707;1900;722;50;01/20/2723;3800;ADH Joyeria x 360;3800
708;1450;551;50;01/20/2724;2900;Carita Feliz x 420;2900
709;1950;741;50;01/20/2725;3900;Resaltador Sharpie Amarillo;3900
710;1950;741;50;01/20/2726;3900;Resaltador Sharpie Verde;3900
711;1850;703;50;01/20/2727;3700;Sacagrapas Gipao- Merletto;3700
712;2050;779;50;01/20/2728;4100;Sacapuntas Doble Hueco Con Deposito Primavera;4100
713;1550;589;50;01/20/2729;3100;Sacapuntas Metalico Fino Linea azul;3100
714;1950;741;50;01/20/2730;3900;Separador 105 Plastico IPP;3900
715;1950;741;50;01/20/2731;3900;silicona Liquida Pequeña 30 ml.;3900
716;4700;1786;50;01/20/2732;9400;Quimico Copia Amarilla 76x30 x Unidad;9400
717;2000;760;50;01/20/2733;4000;Registradora 76 x 40 Bond x Unidad;4000
718;10200;3876;50;01/20/2734;20400;Registradora Bond  paquete x 6;20400
719;600;228;50;01/20/2735;1200;Rotulo ADH Carta x  Und;1200
720;100;38;50;01/20/2736;200;Sacapuntas Colores Pasta;200
721;700;266;50;01/20/2737;1400;Separador 95 Cartulina;1400
722;3650;1387;50;01/20/2738;7300;silicona Liquida Pequeña 60ml;7300
723;800;304;50;01/20/2739;1600;Colbón 40G;1600
724;16450;6251;50;01/20/2740;32900;Sobre Manila Oficio x 100;32900
725;550;209;50;01/20/2741;1100;Pequeño Figuras Surtidas;1100
726;3000;1140;50;01/20/2742;6000;Tabla Punzado Doble Faz FYC;6000
727;26450;10051;50;01/20/2743;52900;Tablero Acrilico 40x60;52900
728;5450;2071;50;01/20/2744;10900;ADH 75x25 X 10 correspondencia;10900
729;1450;551;50;01/20/2745;2900;Sacapuntas Metálico Maped;2900
730;600;228;50;01/20/2746;1200;Separador 85 Cartulina;1200
731;500;190;50;01/20/2747;1000;Silicona Barra Delgada;1000
732;2400;912;50;01/20/2748;4800;Colbon Si Pega Colbon 125g;4800
733;700;266;50;01/20/2749;1400;Colbon  Sipega 20 G;1400
734;1950;741;50;01/20/2750;3900;Sobre Hilo Carta Vertical  ;3900
735;2450;931;50;01/20/2751;4900;Sobre Hilo Oficio Vertical ;4900
736;10950;4161;50;01/20/2752;21900;Sobre Manila 1/2 Carta x 100;21900
737;35450;13471;50;01/20/2753;70900;sobre Manila Billetes x 500;70900
738;175;66,5;50;01/20/2754;350;Sobre Manila Carta Especial;350
739;12450;4731;50;01/20/2755;24900;Sobre Manila Carta x 100;24900
740;49450;18791;50;01/20/2756;98900;Tablero Acrilico 60 x 80;98900
741;39950;15181;50;01/20/2757;79900;Tablero Corcho 60x80;79900
742;700;266;50;01/20/2758;1400;Recibo Pequeño # 1;1400
743;5400;2052;50;01/20/2759;10800;Registradora Termico 80 x 60 x Unidad;10800
744;2150;817;50;01/20/2760;4300;Rotulo ADH Circulo x420 Ama,Azu,Roj,Ver,Fuc,Morad,Pla,Dor.;4300
745;250;95;50;01/20/2761;500;Rotulo CD x unidad;500
746;400;152;50;01/20/2762;800;Sacapuntas Metalico Economico;800
747;800;304;50;01/20/2763;1600;Separador 85 Plastico IPP;1600
748;1300;494;50;01/20/2764;2600;Serpentina Colores Paquete x 3;2600
749;3950;1501;50;01/20/2765;7900;Colbon Sipega  Especial 250gr  ;7900
750;75;28,5;50;01/20/2766;150;Blanco Corto;150
751;100;38;50;01/20/2767;200;Blanco Largo;200
752;19950;7581;50;01/20/2768;39900;Blanco Largo x Caja;39900
753;850;323;50;01/20/2769;1700;Broche 1/2 Carta Horizontal;1700
754;2450;931;50;01/20/2770;4900;Broche Oficio Horizontal;4900
755;2450;931;50;01/20/2771;4900;Cierre Hermético Oficio Studmark;4900
756;200;76;50;01/20/2772;400;Sobre Manila Extra Oficio;400
757;2450;931;50;01/20/2773;4900;Apoyo Plastica Fina;4900
758;6950;2641;50;01/20/2774;13900;Apoyo Plastica Oficio 1/8;13900
759;33950;12901;50;01/20/2775;67900;Tablero Corcho 40x60;67900
760;1950;741;50;01/20/2776;3900;Tijeras Punta Roma  Maped;3900
761;2100;798;50;01/20/2777;4200;Registradora Termico 57 x 30 x Unidad;4200
762;600;228;50;01/20/2778;1200;ADH 72x25 Correspondencia x Unidad;1200
763;5450;2071;50;01/20/2779;10900;ADH Carta x 10 Unid VP;10900
764;1600;608;50;01/20/2780;3200;Sacapuntas  Doble Hueco Con Deposito Eterna;3200
765;4300;1634;50;01/20/2781;8600;105 Plastico Neon  Eterna;8600
766;850;323;50;01/20/2782;1700;95 Plastico IPP;1700
767;9450;3591;50;01/20/2783;18900;silicona  Liquida Grande 250 ml.;18900
768;4400;1672;50;01/20/2784;8800;silicona Liquida Mediana 100 ml.;8800
769;1950;741;50;01/20/2785;3900;Cierre Hermético A4 ;3900
770;1950;741;50;01/20/2786;3900;Cierre Hermético Carta;3900
771;350;133;50;01/20/2787;700;Sobre De Colores;700
772;125;47,5;50;01/20/2788;250;Sobre Manila 1/2 Carta x Unidad;250
773;2050;779;50;01/20/2789;4100;Apoyo 1/2 oficio Plastica;4100
774;3300;1254;50;01/20/2790;6600;Apoyo Madeflex 1/8 (jalboa) ;6600
775;1650;627;50;01/20/2791;3300;Recibo Grande;3300
776;3300;1254;50;01/20/2792;6600;Temperas Parchesitos Caja x 6;6600
777;2100;798;50;01/20/2793;4200;Tijeras Punta Roma Fina Offi-Esco-gIPAO;4200
778;4100;1558;50;01/20/2794;8200;Tinta Para Sellos Azul,Negra,Roja Pelikan ;8200
779;15950;6061;50;01/20/2795;31900;Registradora Termico 57 x 30  Paquete x 8;31900
780;28950;11001;50;01/20/2796;57900;Rollo Registradora Termico 80 x 60 Paquete x 6;57900
781;2450;931;50;01/20/2797;4900;Rotulo CD Paquete x 20;4900
782;200;76;50;01/20/2798;400;Scannear x hoja;400
783;200;76;50;01/20/2799;400;Manila Oficio x Unidad;400
784;750;285;50;01/20/2800;1500;Tabla Periodica;1500
785;1150;437;50;01/20/2801;2300;Recibo Mediano #2;2300
786;1750;665;50;01/20/2802;3500; Letra de Cambio;3500
787;2000;760;50;01/20/2803;4000;Rifas Grande;4000
788;2200;836;50;01/20/2804;4400;Tijeras 5p Gipao;4400
789;450;171;50;01/20/2805;900;Tijera Pequeña Peluqueria Economica;900
790;50;19;50;01/20/2806;100;Tiza Colores Surtidos;100
791;3700;1406;50;01/20/2807;7400;Tiza Pastel x 12;7400
792;2750;1045;50;01/20/2808;5500;Vinilo Fluorescente Verde Parchesitos 125g;5500
793;1800;684;50;01/20/2809;3600;105 en cartulina Colores y Blancos Economico;3600
794;850;323;50;01/20/2810;1700;Cierre Hermético 1/2 Carta;1700
795;100;38;50;01/20/2811;200;Sobre Manila Billetes x unidad;200
796;350;133;50;01/20/2812;700;Sobre Manila Radiografia;700
797;1450;551;50;01/20/2813;2900;Apoyo Madeflex 1/2 oficio;2900
798;19850;7543;50;01/20/2814;39700;Tablero  Acrilico 30x40;39700
799;1600;608;50;01/20/2815;3200;Tijeras Ambidiestra Gipao-Zepelin;3200
800;3450;1311;50;01/20/2816;6900;Tijeras Offiesco  / Gipao 6.5 p;6900
801;6950;2641;50;01/20/2817;13900;Tinta Marcador Trazo Recargable Neg,roj,ver,azu;13900
802;900;342;50;01/20/2818;1800;Trapito Sacudidor;1800
803;1000;380;50;01/20/2819;2000;Traspaso de vehiculo ;2000
804;3450;1311;50;01/20/2820;6900;Vinilo Dorado- plateado Grande;6900
805;2750;1045;50;01/20/2821;5500;Vinilo fluorescente Amarillo Parchesitos 125g;5500
806;1950;741;50;01/20/2822;3900;Broche Carta Horizontal;3900
807;900;342;50;01/20/2823;1800;Sobre Hilo  Media Carta;1800
808;150;57;50;01/20/2824;300;Sobre Manila Carta x Unidad;300
809;500;190;50;01/20/2825;1000;Navidad hoja;1000
810;16500;6270;50;01/20/2826;33000;Tablero Corcho 30x40;33000
811;1300;494;50;01/20/2827;2600;Tijeras Scissors;2600
812;975;370,5;50;01/20/2828;1950;huellero Negra Economica;1950
813;750;285;50;01/20/2829;1500;Vinilo Fluorescente Amarillo 33 G Power Color;1500
814;1050;399;50;01/20/2830;2100;Vinilo Parchesitos 33g Fluorescente  Verde;2100
815;2000;760;50;01/20/2831;4000;Vinilo Power color Fuscia x 125g ;4000
816;2400;912;50;01/20/2832;4800;Remisiones;4800
817;3950;1501;50;01/20/2833;7900;Tijeras Offiesco  8.5p;7900
818;2950;1121;50;01/20/2834;5900;Tinta China Verde,Negra,Azul,Amarilla,Roja;5900
819;1100;418;50;01/20/2835;2200;Transportador 360º Linea Azul;2200
820;2750;1045;50;01/20/2836;5500;Vinilo Fluorescente Naranja x 125g;5500
821;1050;399;50;01/20/2837;2100;Vinilo Parchesitos 33g Fluorescente amarillo;2100
822;1250;475;50;01/20/2838;2500;Vinilo Peq. Perlado Plateado-dorado- bronce PARCHESITOS;2500
823;2000;760;50;01/20/2839;4000;Vinilo power color Verde fluorescente x125g;4000
824;1100;418;50;01/20/2840;2200;Rifa bond Pequeño;2200
825;3950;1501;50;01/20/2841;7900;Tijeras Gipao  7p Gipao;7900
826;2950;1121;50;01/20/2842;5900;Tiza Blanca ;5900
827;750;285;50;01/20/2843;1500;Transportador 180º -10 ;1500
828;950;361;50;01/20/2844;1900;Vinilo Perlado Dorado Power Color 33gr;1900
829;2750;1045;50;01/20/2845;5500;Vinilo fluorescente Fuscia 125g;5500
830;1050;399;50;01/20/2846;2100;Vinilo Parchesitos 33g Fluorescente Fuscia;2100
831;1150;437;50;01/20/2847;2300;Vinilo Parchesitos 33g Fluorescente Naranja;2300
832;950;361;50;01/20/2848;1900;Vinilo Perlado Plateado Power Color 33gr;1900
833;950;361;50;01/20/2849;1900;Yoyo Escarapela;1900
834;14500;5510;50;01/20/2850;29000;Agenda Permanente Color desing;29000
835;18450;7011;50;01/20/2851;36900;Agenda Diaria 2023 maestro C/Canto;36900
836;15950;6061;50;01/20/2852;31900;Agenda Lona Diaria 2023 AF;31900
837;4100;1558;50;01/20/2853;8200;De Precio Marco Rojo Grande;8200
838;0;0;50;01/20/2854;0;Internet / Uso De Equipo;0
839;3100;1178;50;01/20/2855;6200;Cuaderno Cosido En Oferta 100 Hojas;6200
840;50;19;50;01/20/2856;100;Hoja Oficio;100
841;3100;1178;50;01/20/2857;6200;Carpeta Legajadora Oficio Plastica Offiesco;6200
842;2650;1007;50;01/20/2858;5300;Carpeta Legajadora Carta Plástica ref 808;5300
843;3900;1482;50;01/20/2859;7800;plumon Parchesitos x12;7800
844;1000;380;50;01/20/2860;2000;Silicona Barra Gruesa;2000
845;200;76;50;01/20/2861;400;Borrador Nata Pño Economico;400
846;650;247;50;01/20/2862;1300;Carpeta Celuguia Carta Yute;1300
847;13950;5301;50;01/20/2863;27900;Colores Scribe Colores Vibrantes x 24;27900
848;6450;2451;50;01/20/2864;12900;Colores Norma X 12;12900
849;3950;1501;50;01/20/2865;7900;Carpeta De Seguridad Carta Scribe;7900
850;600;228;50;01/20/2866;1200;Opalina Carta;1200
851;400;152;50;01/20/2867;800;Propalcote Carta 200g;800
852;0;0;50;01/20/2868;0;DISEÑO;0
853;600;228;50;01/20/2869;1200;Serpentina Plateada-Dorada;1200
854;250;95;50;01/20/2870;500;Propalcote Tabloide;500
855;1104,2;419,596;50;01/20/2871;2208,4;Impresion Color;2208,4
856;1400;532;50;01/20/2872;2800;Icopor Lámina 2.5 Cm;2800
857;1750;665;50;01/20/2873;3500;Nylon 12 Lb;3500
858;17250;6555;50;01/20/2874;34500;Opalina x 50;34500
859;5450;2071;50;01/20/2875;10900;Libro De Actas Marfil 1/2 Oficio Pasta dura sin A-Z;10900
860;750;285;50;01/20/2876;1500;Laminado Matricula;1500
861;700;266;50;01/20/2877;1400;Hilaza Para Cometa ;1400
862;4200;1596;50;01/20/2878;8400;Carpeta De Seguridad Oficio Scribe;8400
863;1800;684;50;01/20/2879;3600;holografica jumbo;3600
864;6950;2641;50;01/20/2880;13900;2h  Offiesco  OE-344;13900
865;12450;4731;50;01/20/2881;24900;Marcador Sharpie Burst x 5 - Cosmicosx5;24900
866;19950;7581;50;01/20/2882;39900; Dispensador de Cinta Grande GP-501;39900
867;100;38;50;01/20/2883;200;Cinta Decorativa 16mm x   colores surtidos;200
868;34500;13110;50;01/20/2884;69000;Plumigrafo Flair candy x 24;69000
869;3700;1406;50;01/20/2885;7400;Libreta 1/2 Carta Argollada Rayada Primavera;7400
870;12950;4921;50;01/20/2886;25900;Libro Fiscal Fino Minerva;25900
871;16950;6441;50;01/20/2887;33900;Archivador Agarradera Oficio Primavera;33900
872;15950;6061;50;01/20/2888;31900;Archivador Agarradera Carta Primavera;31900
873;15950;6061;50;01/20/2889;31900;Archivador Agarradera Oficio Lukis;31900
874;1000;380;50;01/20/2890;2000;Resaltador Punta Delgada Offi-esco;2000
875;5800;2204;50;01/20/2891;11600;Resaltador Offiesco x 6 Colores Surtidos;11600
876;6400;2432;50;01/20/2892;12800;Compas De Presicion Gipao Gp 08;12800
877;250;95;50;01/20/2893;500;tarjeta De navidad Hilo Dorado;500
878;100;38;50;01/20/2894;200;Tarjeta De: Para:;200
879;44450;16891;50;01/20/2895;88900;Colores Prismacolor x 48;88900
880;47450;18031;50;01/20/2896;94900;Colores Norma Linea Premium X 50;94900
881;400;152;50;01/20/2897;800;Tarjeta de Navidad Con Mensaje;800
882;2800;1064;50;01/20/2898;5600;Programador Pequeño;5600
883;5200;1976;50;01/20/2899;10400;Programador Grande;10400
884;19950;7581;50;01/20/2900;39900;Tabla De Apoyo Porta Documentos;39900
885;950;361;50;01/20/2901;1900;Repuesto Iuoshi Gp-9003;1900
886;8950;3401;50;01/20/2902;17900;Calculadora Making mk- 500;17900
887;15950;6061;50;01/20/2903;31900;Calculadora Making Bk-128-Bk;31900
888;14400;5472;50;01/20/2904;28800;Agenda Con Lona;28800
889;39950;15181;50;01/20/2905;79900;Calculadora Casio Cientifica 252 Funciones fx82 LA plus;79900
890;4250;1615;50;01/20/2906;8500;Block Iris Colores Planos;8500
891;2484,455;944,0929;50;01/20/2907;4968,91;Contrato Arrendamiento Local Comercial;4968,91
892;17950;6821;50;01/20/2908;35900;Marcador Grafico Primavera x 10;35900
893;1950;741;50;01/20/2909;3900;marcador Grafico Primavera x Und;3900
894;3300;1254;50;01/20/2910;6600;Gancho Lotero 25mm x Caja;6600
895;300;114;50;01/20/2911;600;Gancho Lotero  25mm x Und;600
896;2500;950;50;01/20/2912;5000;sim card claro;5000
897;3450;1311;50;01/20/2913;6900;Palo De Chuzo X 100;6900
898;32950;12521;50;01/20/2914;65900;Colores Norma x 30;65900
899;7450;2831;50;01/20/2915;14900;Tinta Marcador Trazo Recargable Neg 100ml;14900
900;13450;5111;50;01/20/2916;26900;Colores Faber Castell x 12 + 6 Neon;26900
901;6100;2318;50;01/20/2917;12200;Cosedora Offi-Esco oe-308;12200
902;2950;1121;50;01/20/2918;5900;Marcador Borrable-Recargable Artisan ;5900
903;5400;2052;50;01/20/2919;10800;Perforadora 2h Pequeña Gipao Ref 310;10800
904;11450;4351;50;01/20/2920;22900;Resaltador Color Pastel X caja Kiut;22900
905;7950;3021;50;01/20/2921;15900;Crayones Faber Castell x 12 Triangular Borrable;15900
906;1500;570;50;01/20/2922;3000;Tinta para sellos;3000
907;14450;5491;50;01/20/2923;28900;Propalcote 200g x 50;28900
908;2100;798;50;01/20/2924;4200;Marcador Borrable Pelikan 426;4200
909;2100;798;50;01/20/2925;4200;pegante En Barra Offi-eswco 21g;4200
910;1000;380;50;01/20/2926;2000;Lapiz Grafito Grueso Offi-Esco;2000
911;5250;1995;50;01/20/2927;10500;Pincel Arte Royal x 6 Ref 1374;10500
912;3100;1178;50;01/20/2928;6200;Cinta Doble Faz  Transparente x 10 Mts;6200
913;2150;817;50;01/20/2929;4300;Cinta Doble Faz  Espuma 2 mt;4300
914;1950;741;50;01/20/2930;3900;Clip Pequeño Colores Surtidos Tarro;3900
915;150;57;50;01/20/2931;300;Aleluya X paquete;300
916;1250;475;50;01/20/2932;2500;Asesoria en Pantalla;2500
917;800;304;50;01/20/2933;1600;Candela;1600
918;14950;5681;50;01/20/2934;29900;Sobre Manila Carta Especial x 100;29900
919;1500;570;50;01/20/2935;3000;Bandas De Caucho Siliconadas Gipao Neon;3000
920;8950;3401;50;01/20/2936;17900;Pincel Arte Royalx 7  Ref. 1051;17900
921;6950;2641;50;01/20/2937;13900;Pincel Arte Royale x 6 Ref.1077;13900
922;2800;1064;50;01/20/2938;5600;Notas Adhesivas 50mm x 50mm Gipao Gp36;5600
923;950;361;50;01/20/2939;1900;Punzon Madera Punta Metalica;1900
924;700;266;50;01/20/2940;1400;Lapiz Grafito  Norma HB # 2;1400
925;3950;1501;50;01/20/2941;7900;Pilas AAA Energizer - Par;7900
926;5336,975;2028,0505;50;01/20/2942;10673,95;Acuarela Pequeña x 12;10673,95
927;550;209;50;01/20/2943;1100;Pintucaritas;1100
928;20;7,6;50;01/20/2944;40;CORTE;40
929;1750;665;50;01/20/2945;3500;carta;3500
930;75;28,5;50;01/20/2946;150;Sobre Carabela Cuadrado  15x12;150
931;1850;703;50;01/20/2947;3700;Sacapunta Maped Doble hueco grande;3700
932;2950;1121;50;01/20/2948;5900;Boligrafo Semigel Borrable Retractil Offiesco;5900
933;750;285;50;01/20/2949;1500;Cartulina Bristol 1/2 Pliego;1500
934;6450;2451;50;01/20/2950;12900;Perforadora 2h Pequeña Offiesco Ref Oe 342;12900
935;4400;1672;50;01/20/2951;8800;Perforadora 2h Studmark Ref 4505;8800
936;9950;3781;50;01/20/2952;19900;Marcador Sharpie Friday ASST x 30;19900
937;1500;570;50;01/20/2953;3000;Impresion En Papel Fotografico;3000
938;9200;3496;50;01/20/2954;18400;Plumones Offi-Esco estuche x 18;18400
939;700;266;50;01/20/2955;1400;Sacapuntas Maped- Eterna  Con Deposito 1 Hueco;1400
940;1900;722;50;01/20/2956;3800;Regla Plantilla  Letra Mediana;3800
941;1100;418;50;01/20/2957;2200;Icopor Lamina 2cm;2200
942;8950;3401;50;01/20/2958;17900;Colores Scribe x 15 Decorados;17900
943;8100;3078;50;01/20/2959;16200;Boligrafo Semigel Retractil x caja;16200
944;2750;1045;50;01/20/2960;5500;Regla T Linea Azul;5500
945;14450;5491;50;01/20/2961;28900;Memoria USB 8gb;28900
946;18450;7011;50;01/20/2962;36900;Memoria USB 16gb;36900
947;21450;8151;50;01/20/2963;42900;Memoria USB 32gb;42900
948;1610,295;611,9121;50;01/20/2964;3220,59;Cartulina Plana Ama,Ros,Nar,Azul,Roj,Caf,Negr,Verd,mora.;3220,59
949;1050;399;50;01/20/2965;2100;Kilometrico 300;2100
950;4300;1634;50;01/20/2966;8600;Libreta Argollada Opalina ;8600
951;9950;3781;50;01/20/2967;19900;Perforadora  Gipao 2 Huecos Gp 05;19900
952;1600;608;50;01/20/2968;3200;Resaltador Color Pastel Pelikan;3200
953;6300;2394;50;01/20/2969;12600;Plumon Parchesitos ref 080 X 12;12600
954;8450;3211;50;01/20/2970;16900;Colores Offi-Esco;16900
955;3450;1311;50;01/20/2971;6900;Bisturi Grande Fino Metalico;6900
956;9000;3420;50;01/20/2972;18000;Juego De lapiz Para Dibujo x 12;18000
957;4500;1710;50;01/20/2973;9000;Tijeras 8P gipao;9000
958;3450;1311;50;01/20/2974;6900;Tijeras 6P Gipao;6900
959;1800;684;50;01/20/2975;3600;Marcador Grafico Vinilo Doricolor x Unidad;3600
960;1250;475;50;01/20/2976;2500;Bolsillo escarapela transparente;2500
961;2450;931;50;01/20/2977;4900;Bisturi Metalico Fino Delgado;4900
962;6950;2641;50;01/20/2978;13900;Boligrafo Semigel Borde Naranja x caja;13900
963;17950;6821;50;01/20/2979;35900;Marcador Grafigel kiut;35900
964;20950;7961;50;01/20/2980;41900;Marcadores Permanentes x 13 Kiut;41900
965;18500;7030;50;01/20/2981;37000;Marcador  Glitter Kiut ;37000
966;11450;4351;50;01/20/2982;22900;Marcador Lavable x 12 Kiut;22900
967;13450;5111;50;01/20/2983;26900;Colores Kiut x 15;26900
968;7950;3021;50;01/20/2984;15900;Cinta Para Impresora Onix;15900
969;1950;741;50;01/20/2985;3900;Nylon 20lb;3900
970;34500;13110;50;01/20/2986;69000;Calculadora Casio Cientifica 240F Fx-82MS;69000
971;32950;12521;50;01/20/2987;65900;Calculadora Casio Cientifica 252 Funciones fx350 LA plus Colores;65900
972;10950;4161;50;01/20/2988;21900;Calculadora Casio HL-815L;21900
973;19950;7581;50;01/20/2989;39900;Calculadora Casio MX-12B;39900
974;8450;3211;50;01/20/2990;16900;Calculadora Kadio Ref 8837B;16900
975;6450;2451;50;01/20/2991;12900;Calculadora Kadio Ref 100B;12900
976;11950;4541;50;01/20/2992;23900;Calculadora Beston BST-9633B;23900
977;750;285;50;01/20/2993;1500;Portaminas Offi-Esco 0.5 -. 0.7;1500
978;2750;1045;50;01/20/2994;5500;regla T Linea Azul;5500
979;2950;1121;50;01/20/2995;5900;Detector de Billetes Tinta Trazos;5900
980;2300;874;50;01/20/2996;4600;Colbon madera;4600
981;10950;4161;50;01/20/2997;21900;Borrable Maxpoint x 8;21900
982;7800;2964;50;01/20/2998;15600;Pastel Kores Surtido;15600
983;13150;4997;50;01/20/2999;26300;Marcador Grafico Eterna Neon x 8;26300
984;150000;57000;50;01/20/3000;300000;SERVICIO;300000
985;650;247;50;01/20/3001;1300;Platilla Circulo;1300
986;12850;4883;50;01/20/3002;25700;Memoria USB 4gb;25700
987;2750;1045;50;01/20/3003;5500;Huellero Pequeño Merletto;5500
988;7750;2945;50;01/20/3004;15500;Colores  Gipao  13+1;15500
989;6750;2565;50;01/20/3005;13500;Libro Contabilidad Norma 3 Columnas Sin A-z 80  Hojas;13500
990;950;361;50;01/20/3006;1900;Pagare Formas Juridicas;1900
991;11900;4522;50;01/20/3007;23800;Colores Gipao Black x 15 GP 440;23800
992;800;304;50;01/20/3008;1600;Vinilo Parchesitos 33 G Colores Surtidos,bla,ver,azu,roj,ros,neg.;1600
993;2300;874;50;01/20/3009;4600;Vinilo Parchesitos Grande 125 G Colores Surtidos,bla,neg,ama,roj,azu.;4600
994;500;190;50;01/20/3010;1000;Papel Celofan Estampado - Navidad;1000
995;8000;3040;50;01/20/3011;16000;Marcador Punta  Pincel  x 12 ;16000
996;950;361;50;01/20/3012;1900;Colbon Si Pega Colbon 40g;1900
997;1350;513;50;01/20/3013;2700;Corrector Berol Lapiz;2700
998;15450;5871;50;01/20/3014;30900;Colores prismacolor  x 18;30900
999;8450;3211;50;01/20/3015;16900;Bomba R-12 Dortada - Plateada x 50;16900
1000;2100;798;50;01/20/3016;4200;Gancho Lotero 19mm X CAJA;4200
1001;450;171;50;01/20/3017;900;Fotocopia sencilla Tabloide ;900
1002;1100;418;50;01/20/3018;2200;Chinche Studmark Colores Surtidos x 50;2200
1003;8950;3401;50;01/20/3019;17900;Cosedora Gipao Gp 200;17900
1004;7950;3021;50;01/20/3020;15900;Cosedora Offi-Esco Oe-309;15900
1005;1400;532;50;01/20/3021;2800;Compas Lápiz Economico;2800
1006;16950;6441;50;01/20/3022;33900;Marcador Grafico Doricolor x 10;33900
1007;1350;513;50;01/20/3023;2700;Letrero Feliz Cumpleaños Largo;2700
1008;3400;1292;50;01/20/3024;6800;Libreta 1/2 Carta Argollada Lukis;6800
1009;1200;456;50;01/20/3025;2400;Libreta Note book;2400
1010;11000;4180;50;01/20/3026;22000;Agenda Media Carta ADJ;22000
1011;14950;5681;50;01/20/3027;29900;Agenda Diaria 2024 Metacolor 2410;29900
1012;15450;5871;50;01/20/3028;30900;Agenda Borde Plateado Pequeña;30900
1013;14950;5681;50;01/20/3029;29900;Agenda 2024 Enero- Diciembre;29900
1014;19950;7581;50;01/20/3030;39900;Agenda Diaria 2023 Gerencial Borde Plateada;39900
1015;4100;1558;50;01/20/3031;8200;Programador Mediano;8200
1016;1200;456;50;01/20/3032;2400;Colbon Gipao 115gr;2400
1017;950;361;50;01/20/3033;1900;Colbon Pega Power 40cc;1900
1018;2400;912;50;01/20/3034;4800;Colbon Pega Power 250 cc;4800
1019;1350;513;50;01/20/3035;2700;Sacapuntas Con Deposito Kores;2700
1020;12950;4921;50;01/20/3036;25900;Portaplanos Pequeño;25900
1021;9550;3629;50;01/20/3037;19100;Bandas De Caucho Siliconada Gipao Colores X 250GMS;19100
1022;1845;701,1;50;01/20/3038;3690;Nylon Calibre 16Lb;3690
1023;12450;4731;50;01/20/3039;24900;Cinta Doble Faz Siliconada  De Montaje;24900
1024;1000;380;50;01/20/3040;2000;Porta Carnet Transp Horizontal-Vertical;2000
1025;1500;570;50;01/20/3041;3000;Porta Carnet Transparente Doble cara;3000
1026;1000;380;50;01/20/3042;2000;Porta Carnet Transp Horizontal-Vertical;2000
1027;1000;380;50;01/20/3043;2000;Porta Carnet Transp Horizontal-Vertical;2000
1028;12950;4921;50;01/20/3044;25900;Agenda Diaria 2024 REF 2405;25900
1029;6950;2641;50;01/20/3045;13900;Pincel Arte Royal x 6 Ref 1049;13900
1030;7200;2736;50;01/20/3046;14400;Pincel Arte Royal x 6  Ref 1050;14400
1031;1600;608;50;01/20/3047;3200;Bolsa Regalo Mediana Navidad ;3200
1032;600;228;50;01/20/3048;1200;Bolsa Navidad Corrugada Pequeña;1200
1033;1550;589;50;01/20/3049;3100;Bolsa de Regalo Holografica intermedia;3100
1034;3800;1444;50;01/20/3050;7600;Bolsa de regalo primavera fina ;7600
1035;3250;1235;50;01/20/3051;6500;Cosedora Mini Eagle;6500
1036;2000;760;50;01/20/3052;4000;Opalina Pliego;4000
1037;2200;836;50;01/20/3053;4400;Libreta 1/4 Argollada Lukis;4400
1038;1200;456;50;01/20/3054;2400;Impresión En  Papel Opalina;2400
1039;1000;380;50;01/20/3055;2000;Impresión En Papel Propalcote;2000
1040;150000;57000;50;01/20/3056;300000;SERVICIOS PROFESIONALES;300000
1041;9150;3477;50;01/20/3057;18300;Cuaderno Cosido Pasta Dura Norma Expresarte;18300
1042;200;76;50;01/20/3058;400;Cinta Decorativa 30mm x  colores surtidos;400
1043;300;114;50;01/20/3059;600;Cinta Decorativa 30mm x Decorada Navidad;600
1044;4500;1710;50;01/20/3060;9000;Organizador Rejilla;9000
1045;300;114;50;01/20/3061;600;Cinta Decorativa Ilusion;600
1046;16450;6251;50;01/20/3062;32900;Agenda Diaria Borde Dorado 2024 Metacolor 2406;32900
